symbol,trades,pnl,mean_return,hit_rate
FETUSDT,42,151287.51608234734,0.05225692324174905,0.5952380952380952
AVAXUSDT,41,148031.74747330282,0.056593333236433355,0.6585365853658537
PEPEUSDT,26,144463.93479938482,0.0654040210482067,0.4230769230769231
SANDUSDT,17,142753.98391572016,0.13630683084092893,0.5294117647058824
ZECUSDT,26,111567.85847751702,0.041453921424824576,0.4230769230769231
ARKMUSDT,5,111119.97049776853,0.2420470938114912,0.8
VETUSDT,25,103080.57699923683,0.05234410817895205,0.68
ATOMUSDT,36,98630.21517514448,0.04987610707116352,0.6388888888888888
CHRUSDT,12,84145.35274253416,0.07683397340803676,0.5833333333333334
FLOKIUSDT,12,78563.92962811161,0.12138730775982876,0.6666666666666666
ADAUSDT,60,78258.66405513653,0.025046634671666665,0.55
币安人生USDT,7,75130.03952087158,0.30889160648532565,0.7142857142857143
RNDRUSDT,21,72188.1231775004,0.05537542519555093,0.5714285714285714
MATICUSDT,36,67774.37246992023,0.02227625547245433,0.5833333333333334
AXSUSDT,12,64538.7443134613,0.10822806241954702,0.4166666666666667
LUNAUSDT,26,64245.00590600082,0.04798607477964007,0.5
DOTUSDT,33,61398.27709801959,0.030952591892746198,0.5454545454545454
BONKUSDT,17,57657.60279213705,0.07733963261726359,0.5294117647058824
DASHUSDT,19,56991.502834737126,0.08806843496002331,0.47368421052631576
STXUSDT,13,54601.58019732625,0.06497935266878505,0.5384615384615384
THETAUSDT,28,53733.54320810901,0.0664691557667735,0.5714285714285714
OCEANUSDT,7,53542.54454048592,0.1318572868162401,0.8571428571428571
OPUSDT,24,53092.62129290806,0.06316449641153958,0.4583333333333333
XRPUSDT,51,52380.8293314177,0.04758718272018898,0.5686274509803921
1INCHUSDT,4,49316.916588745495,0.3778155024224353,0.75
BNBUSDT,93,48762.120107966606,0.0318588058308776,0.4838709677419355
AGIXUSDT,3,44967.686848493,0.23069016994180236,1.0
BLZUSDT,7,44169.018903506316,0.160739288356627,0.7142857142857143
SYNUSDT,1,43676.52980277823,1.0856959986214552,1.0
CFXUSDT,10,42942.950765614805,0.06933460290844197,0.4
NEOUSDT,17,42785.09791046333,0.050545017646166916,0.5294117647058824
CAKEUSDT,16,40715.89965878711,0.03834046016515748,0.5625
CHZUSDT,36,39504.1194122908,0.03240014236868306,0.4444444444444444
SEIUSDT,12,36132.57879162484,0.03690415038833939,0.5
ZENUSDT,9,34168.71239791834,0.07312432346147074,0.4444444444444444
MANAUSDT,13,32521.21163717316,0.10324135741404346,0.6153846153846154
ETHUSDT,89,30492.979117692346,0.020205110635543887,0.5842696629213483
AAVEUSDT,47,29786.290968750884,0.03106055196725101,0.44680851063829785
FTMUSDT,42,29566.642498845045,0.019485593879997775,0.42857142857142855
FUNUSDT,3,28509.622314018674,0.12741116117385215,0.6666666666666666
AIXBTUSDT,2,28325.930263802627,0.2186564027185012,1.0
IMXUSDT,4,27669.347649976087,0.1067939502671726,0.75
SUIUSDT,29,26836.14165822796,0.026395855938450438,0.41379310344827586
GRTUSDT,9,26544.580745516498,0.05135462580008925,0.6666666666666666
LAYERUSDT,6,26277.576372606334,0.04557355835058369,0.6666666666666666
SXPUSDT,10,25500.82963208136,0.005687160810424649,0.5
CELRUSDT,1,25319.530728814192,0.201266044631839,1.0
ANKRUSDT,8,24896.582929531774,0.0441295240287431,0.375
RSRUSDT,9,22672.20075223474,0.06897975848520108,0.3333333333333333
ALPHAUSDT,4,21808.65729850459,0.279912385402918,0.75
KLAYUSDT,1,21542.061743031947,0.5616137734022688,1.0
BURGERUSDT,2,21127.61163859791,0.28532017456468717,0.5
PHAUSDT,1,19903.863515338737,0.3930287503393934,1.0
DATAUSDT,2,18559.80519635338,0.1422090952314721,0.5
HFTUSDT,6,18373.760019028414,0.04050442315617563,0.6666666666666666
DOGEUSDT,42,17569.265714073972,0.0013564083382201799,0.4523809523809524
SNXUSDT,22,17302.72428979523,0.05068918354365548,0.6363636363636364
TSTUSDT,3,17103.16908749025,0.07790089680633787,0.6666666666666666
NTRNUSDT,2,16994.589059429196,0.2819230101490001,1.0
BCHUSDT,41,16306.401322668853,0.012772778069599368,0.5609756097560976
CRVUSDT,25,16208.935629567448,0.04196603569411419,0.52
HIGHUSDT,3,15583.433560519974,0.016387800663366137,0.3333333333333333
VIRTUALUSDT,9,15506.098787680683,0.04119592103695823,0.5555555555555556
ERDUSDT,9,15236.435237611408,0.17065690172240416,0.6666666666666666
BIOUSDT,4,14566.481153377743,0.10895052154603199,0.5
CTXCUSDT,1,14222.468054579193,0.0930826369624428,1.0
SUNUSDT,6,14098.53993655272,0.043030690477557705,0.5
ENJUSDT,15,14079.66672582326,0.09176765268469765,0.8
SUSHIUSDT,20,13756.211465030658,0.042034605830045854,0.55
ATUSDT,2,13438.15893803048,0.11079185651089146,1.0
KAITOUSDT,2,12533.60379506182,0.07956605436198891,0.5
TRBUSDT,6,11951.787464816178,-0.03610325476083216,0.5
UNIUSDT,45,11494.374946160207,0.02131025414179416,0.5333333333333333
ZILUSDT,15,11234.164523616404,0.09913059006132907,0.6666666666666666
XVGUSDT,2,10957.082611305355,0.11379189186570146,0.5
COCOSUSDT,7,10701.69108254191,0.03233322827395375,0.5714285714285714
ZROUSDT,8,10531.71201194917,0.034224258105384764,0.625
UNFIUSDT,9,10401.483140593635,-0.012203176452651622,0.6666666666666666
COMPUSDT,8,10365.979318467867,0.0034491137018334856,0.125
NKNUSDT,1,9973.408567325256,0.1272541247224276,1.0
XTZUSDT,10,9874.665134989455,0.12218197527007466,0.7
RDNTUSDT,1,9788.19149087424,0.1668089741798133,1.0
ARBUSDT,13,9580.17538128799,0.001082807872694458,0.38461538461538464
STMXUSDT,2,9405.044596858483,0.02298302996998204,0.5
MULTIUSDT,1,9133.601455928438,0.1576171445622428,1.0
RVNUSDT,7,9066.826820523585,0.03502014826809095,0.42857142857142855
QNTUSDT,3,9059.233008309886,0.1393447637652588,0.6666666666666666
TOMOUSDT,11,8853.251740497535,-0.0009034982908543921,0.5454545454545454
ALTUSDT,2,8597.539822349332,0.10513401296648145,1.0
IOTXUSDT,3,8283.341570953939,0.006254234454559203,0.6666666666666666
HBARUSDT,27,8233.467681134505,0.00396812875433756,0.3333333333333333
GLMRUSDT,2,8099.552487260051,0.0631174729298217,0.5
CELOUSDT,4,7670.910199796316,0.016012148574018246,0.5
XPLUSDT,7,7346.342342722089,0.030178821281302084,0.5714285714285714
NOMUSDT,1,7266.51902814435,0.1711487923103026,1.0
ONDOUSDT,7,7142.57665587638,0.00022518088237494238,0.5714285714285714
MINAUSDT,4,6956.90215594302,0.015415309336126202,0.5
ALICEUSDT,9,6906.089038576738,0.1350238591056707,0.4444444444444444
STRKUSDT,2,6622.400007083357,0.06617960045745705,1.0
YFIIUSDT,4,6108.199441615814,-0.006675600539537447,0.25
STPTUSDT,2,5737.281581898882,0.041034463380666145,0.5
LITUSDT,2,5513.883653972284,0.060816752768714746,0.5
LDOUSDT,21,5472.538633179956,0.026041837106042597,0.38095238095238093
ASTRUSDT,3,5100.275216840797,0.023810690573041627,0.6666666666666666
REQUSDT,1,4987.801512699749,0.0407531353536781,1.0
EIGENUSDT,4,4615.784631361519,0.018857465486526302,0.5
SANTOSUSDT,3,4269.413775412502,0.0410944425762726,0.6666666666666666
SOLUSDT,54,4212.549802128693,0.017968511351600366,0.5925925925925926
PORTOUSDT,3,4174.566879838185,-0.008071152826180933,0.6666666666666666
GMXUSDT,1,3943.049751705636,0.0900115747908772,1.0
TURBOUSDT,3,3815.2701123492443,0.027164247227105167,0.6666666666666666
BNXUSDT,5,3583.3947253602782,0.0092004281282503,0.4
TFUELUSDT,8,3217.044355877506,0.15543970263250828,0.625
BANDUSDT,10,2986.20997454003,0.03466707355568679,0.6
XAIUSDT,1,2919.66898996328,0.127928843637253,1.0
RENUSDT,9,2779.6096038035166,0.0011427994376195978,0.5555555555555556
HOMEUSDT,1,2686.718892335768,0.1130815832918666,1.0
POLYXUSDT,1,2619.6619446383047,0.1135958578659213,1.0
TRXUSDT,89,2618.5282766487726,-0.0009960882886396686,0.4943820224719101
AUDUSDT,5,2398.747410486598,0.0057555200866223595,0.8
AUCTIONUSDT,4,2073.950670415048,0.006647399446845281,0.5
TONUSDT,12,2019.9818406675945,0.0016011643581644323,0.5833333333333334
HIVEUSDT,1,2013.153232015324,0.1020429952373885,1.0
COTIUSDT,3,1946.8025971210684,0.08671842172705961,1.0
PERLUSDT,1,1837.666585108884,0.1251349981154334,1.0
XVSUSDT,3,1768.998233086385,0.02323878607169297,1.0
IOUSDT,1,1606.5477010463692,0.0708932316995746,1.0
PNUTUSDT,4,1577.5357309448282,-0.016821511822137526,0.25
GALAUSDT,14,1281.1677161302596,-0.00959397333971626,0.42857142857142855
PENGUUSDT,9,1148.594245827895,-0.016259244518002553,0.5555555555555556
HARDUSDT,1,888.402425021759,0.0582570039634174,1.0
ARKUSDT,1,834.0032647794069,0.0216751523882108,1.0
MAVUSDT,1,774.2266374440442,0.0202475549718749,1.0
CVCUSDT,1,735.1809855114952,0.0517376516001707,1.0
NIGHTUSDT,1,594.5798390872988,0.0485182507877643,1.0
DENTUSDT,4,572.1653282018524,0.00648557977286684,0.75
XMRUSDT,27,553.0250853030187,0.009125115146876013,0.7037037037037037
NANOUSDT,4,545.5264922433962,0.03752196503756192,0.5
POLUSDT,5,286.6780535152466,-0.02092273722714204,0.2
DIAUSDT,1,185.269159620462,0.131941293439427,1.0
ARUSDT,4,110.07698470543073,-0.036755377042304596,0.5
ONGUSDT,1,108.07835644399164,0.0148273903318487,1.0
WLFIUSDT,5,74.55061083614055,0.006005642677031438,0.4
ASTERUSDT,8,26.495676806381198,-0.021349657483600314,0.5
FILUSDT,20,6.671133917030602,0.004412073219838046,0.35
WANUSDT,1,-29.70283638386354,-0.0045296436693525,0.0
DOGSUSDT,1,-136.69971485737187,-0.0045080112823895,0.0
ZRXUSDT,9,-216.66981708585763,-0.01740694556483301,0.3333333333333333
MOVEUSDT,1,-249.6656900455564,-0.0051995274679053,0.0
BEAMUSDT,1,-286.7580982921154,-0.0268993412259635,0.0
LENDUSDT,5,-658.1937369034194,0.114009926999906,0.4
UUSDT,10,-759.1272989530817,-0.00245403896380008,0.0
COSUSDT,1,-829.6205629088672,-0.0795284144225125,0.0
NOTUSDT,2,-882.8718538270623,0.0047540434323768005,0.5
LAZIOUSDT,4,-982.312697856386,0.10086777288785118,0.5
ONEUSDT,9,-1002.2090180810519,0.0434094702790863,0.6666666666666666
MEGAUSDT,1,-1081.3219544481144,-0.10649813483421,0.0
PAXGUSDT,14,-1143.2885150349393,-0.0015444627738399144,0.5714285714285714
FLOWUSDT,1,-1231.427725045064,-0.1337532333947098,0.0
ZKUSDT,2,-1280.7424262087225,-0.0700783159313621,0.5
AIUSDT,1,-1312.540283374401,-0.0160467450891069,0.0
HNTUSDT,1,-1337.4298724270848,-0.0419599551377787,0.0
DREPUSDT,1,-1430.245538146938,-0.1691922831864115,0.0
ONTUSDT,9,-1573.3564374238103,-0.004477140627090096,0.4444444444444444
LQTYUSDT,3,-1618.3378262570586,-0.02971172787717953,0.3333333333333333
ZBTUSDT,1,-1757.628468988507,-0.0407558629774462,0.0
AMBUSDT,1,-1783.008656347778,-0.0663038267479154,0.0
CTSIUSDT,2,-1871.9703640594205,-0.0591024666790968,0.0
SENTUSDT,1,-1884.0414151452133,-0.0822702173456703,0.0
BTTUSDT,13,-1976.0209711532843,-0.01861211379796909,0.46153846153846156
ALLOUSDT,3,-1978.1459501086247,-0.01672320680825216,0.6666666666666666
MTLUSDT,2,-2106.253417591717,-0.02184990594807895,0.0
INJUSDT,28,-2226.0628146528506,0.02665780049088154,0.4642857142857143
ICXUSDT,12,-2226.4445361555026,-0.015858946143007188,0.5
TROYUSDT,1,-2429.706853987001,-0.0501592976072744,0.0
MIRUSDT,1,-2633.1258872870094,-0.0251552027017753,0.0
ORCAUSDT,3,-2716.0852982314864,-0.0363551012806979,0.3333333333333333
AVNTUSDT,1,-2875.6111034247697,-0.1213810272678823,0.0
LPTUSDT,3,-3356.2796075142523,-0.05222647664661859,0.3333333333333333
1MBABYDOGEUSDT,5,-3466.839469260064,0.0014538098457458598,0.4
PLUMEUSDT,1,-3660.297689657397,-0.0553465037072091,0.0
CFGUSDT,1,-3884.538413247727,-0.1185749151689256,0.0
LRCUSDT,9,-3904.76746151346,-0.03169978000788431,0.2222222222222222
C98USDT,2,-4529.958185999749,-0.011266180920358401,0.5
BETAUSDT,2,-4620.634433343575,0.07175456515009371,0.5
ENSOUSDT,1,-4711.27765768813,-0.0862675666853751,0.0
TWTUSDT,3,-4912.977284346274,-0.08408293435714514,0.3333333333333333
MORPHOUSDT,1,-5009.484124791226,-0.0935654410522439,0.0
FRONTUSDT,3,-5369.806060342489,-0.003610605997704075,0.6666666666666666
PYTHUSDT,1,-5525.908555390008,-0.0786753457431711,0.0
BLURUSDT,2,-5604.878556981974,-0.04225648986982925,0.0
IDUSDT,2,-5682.754980538753,0.015335581727216545,0.5
MEMEUSDT,4,-5738.582839809598,0.000545280304175097,0.5
VTHOUSDT,1,-5957.413625455476,-0.0637411060001166,0.0
SAHARAUSDT,2,-6049.814600132064,-0.24478273549935248,0.5
ZKPUSDT,1,-6280.825299222895,-0.124287662811627,0.0
BEAMXUSDT,1,-6740.419042862144,-0.1559456514522108,0.0
BROCCOLI714USDT,1,-6777.602884778389,-0.1966639196089195,0.0
FFUSDT,2,-6895.708037256359,-0.056100796783070846,0.0
BNTUSDT,8,-6940.755464487009,0.033556837029776014,0.625
SSVUSDT,1,-7054.335722958538,-0.0927247930334277,0.0
LUNCUSDT,7,-7210.885787898209,0.011617321893608994,0.14285714285714285
KITEUSDT,2,-7499.948673894949,-0.055759697794314105,0.0
MAGICUSDT,3,-7535.893674220246,-0.016289804076147805,0.3333333333333333
NMRUSDT,2,-7557.731628174959,-0.060729041745862244,0.5
BTCSTUSDT,2,-7800.065496925648,-0.19652947391029885,0.0
JSTUSDT,1,-7834.1547385093,-0.0689910579731479,0.0
GTCUSDT,1,-8028.221822822918,-0.0991531259468309,0.0
LTOUSDT,1,-8067.722623761935,-0.6028506713061991,0.0
BABYUSDT,1,-8100.865105542151,-0.1966167344483188,0.0
IOTAUSDT,11,-8290.427650358626,0.0035176760473362915,0.5454545454545454
DODOUSDT,2,-8426.744057234602,-0.1124140578819266,0.0
GASUSDT,2,-8655.653307670915,0.2366439685806373,0.5
WINUSDT,3,-8738.65736307374,-0.006574574951510935,0.3333333333333333
VGXUSDT,3,-8996.662481033245,-0.0743429341696531,0.0
XEMUSDT,1,-9053.73494803006,-0.4863347782263211,0.0
TRUUSDT,2,-9153.68493189032,-0.0318130339045233,0.5
PUMPUSDT,5,-9236.083443789872,-0.05917595189771417,0.4
WRXUSDT,5,-9294.670776527744,-0.10655338623518049,0.6
KSMUSDT,1,-9354.386856007892,-0.2219126434742405,0.0
QTUMUSDT,11,-9441.364057664425,-0.016943611092947872,0.2727272727272727
EDENUSDT,2,-9846.36358295186,-0.1557536682807028,0.0
LOOMUSDT,2,-9866.778032470982,-0.08559109254272057,0.5
ETCUSDT,29,-9970.92397044136,0.021082946002616895,0.3793103448275862
STGUSDT,3,-9996.840684801577,-0.08954447763370926,0.3333333333333333
AKROUSDT,2,-10405.225678860206,-0.0887459111312027,0.0
HOTUSDT,7,-10422.581968508923,-0.0060324822573950285,0.42857142857142855
RAREUSDT,4,-10678.507265617487,-0.04243336019240842,0.25
STRAXUSDT,1,-10873.647671611649,-0.2554554125135194,0.0
MDXUSDT,1,-11378.468619053943,-0.1790095248460787,0.0
SHIBUSDT,32,-11409.115511101732,0.007658516433634878,0.4375
TAOUSDT,19,-11444.326959676291,0.018690904252131393,0.47368421052631576
REEFUSDT,1,-11761.750845606948,-0.1829273363408812,0.0
1000SATSUSDT,5,-12185.46676644581,-0.038707492653722676,0.4
ICPUSDT,23,-12371.760177607664,-0.005937929747528069,0.34782608695652173
BELUSDT,1,-12391.522878914657,-0.1993384710091371,0.0
SFPUSDT,1,-12624.875383154133,-0.214166441600348,0.0
KNCUSDT,3,-12969.370786064545,-0.0446553251561973,0.3333333333333333
BAKEUSDT,7,-13069.703591417521,-0.0574826571784676,0.2857142857142857
SIGNUSDT,1,-13652.610052091564,-0.2837320261016685,0.0
EOSUSDT,25,-13785.675209621946,0.012093934155808781,0.52
JOEUSDT,2,-13803.521194983665,-0.1005712275283191,0.0
GIGGLEUSDT,1,-14080.816824259127,-0.2943334274881858,0.0
SAGAUSDT,4,-14157.039379445372,-0.04152588241841437,0.25
RLCUSDT,2,-14291.607068284655,-0.15356292286254725,0.0
COWUSDT,1,-14440.396406320258,-0.1467981823846552,0.0
WAXPUSDT,1,-14665.431041615346,-0.0815362186872712,0.0
ANCUSDT,4,-14843.143503190813,-0.13558151815907432,0.25
BATUSDT,9,-14893.800765987273,-0.00033965585515201096,0.5555555555555556
NEIROUSDT,5,-15147.596531024195,-0.023576313944534338,0.4
CKBUSDT,4,-15256.429021716342,-0.0668554833815186,0.25
RENDERUSDT,12,-15274.518631976473,-0.016280100615431267,0.4166666666666667
ETHFIUSDT,7,-15699.805544121053,-0.03912633423812779,0.42857142857142855
KEYUSDT,4,-15735.917781041306,-0.11404980664919377,0.25
PEOPLEUSDT,22,-15920.35733854698,0.005715800437646359,0.4090909090909091
FLMUSDT,1,-16004.00281252442,-0.3069277523743298,0.0
IDEXUSDT,1,-16343.879281863485,-0.2084624071708703,0.0
MBOXUSDT,3,-16564.56092124371,-0.02518303851320773,0.3333333333333333
WLDUSDT,16,-16748.13217443032,-0.027673632064032297,0.5
SPKUSDT,2,-16904.958910584515,-0.232016293655857,0.0
KAVAUSDT,21,-17345.5232814406,0.012449449201970955,0.6190476190476191
TRUMPUSDT,4,-17494.649118105553,-0.08559958920612745,0.0
WUSDT,2,-17556.979004084365,-0.126313119029549,0.0
WINGUSDT,1,-17612.21749885536,-0.5411825272862109,0.0
TIAUSDT,11,-18485.887892461426,-0.03090332525074979,0.2727272727272727
APEUSDT,13,-18613.73134829321,0.014270584713435012,0.6153846153846154
RADUSDT,1,-18660.38033259381,-0.2146399559980472,0.0
ACTUSDT,2,-18738.75106491803,-0.1635324142112677,0.0
ANTUSDT,2,-18913.385107376613,-0.1084956254240267,0.0
XLMUSDT,33,-19207.489306260886,-0.002647935415321239,0.5454545454545454
PERPUSDT,1,-19768.256614628677,-0.3836778550606184,0.0
JTOUSDT,6,-19771.332455592088,-0.02016842380338787,0.5
MASKUSDT,10,-19988.547812119446,-0.04461738442989946,0.2
MBLUSDT,2,-20166.954842342497,-0.14551667797041135,0.0
BERAUSDT,3,-20291.58511311318,-0.11779436970265493,0.0
TNSRUSDT,3,-20519.034560833243,0.059687772769203486,0.3333333333333333
WIFUSDT,13,-21252.616988763388,-0.03939739929379342,0.38461538461538464
RAYUSDT,7,-21258.575156246712,0.006547293645751474,0.42857142857142855
MKRUSDT,11,-21432.879410330042,0.002589876995490285,0.6363636363636364
RUNEUSDT,27,-21523.235209291204,-0.006868498343758896,0.4074074074074074
ARPAUSDT,5,-22031.933252033752,-0.1034923654025327,0.4
ACHUSDT,6,-22093.390927875364,-0.04699137693184093,0.3333333333333333
SPELLUSDT,1,-22251.1362338763,-0.234801595688684,0.0
HOOKUSDT,3,-22668.224388539416,-0.12852149521449366,0.0
TLMUSDT,3,-23055.193658342658,-0.11777603052124745,0.3333333333333333
OGNUSDT,12,-23198.558776972346,-0.030903437118888363,0.3333333333333333
REZUSDT,1,-23446.41850570412,-0.1812430010946545,0.0
TUTUSDT,1,-24304.60789916517,-0.5776588182186327,0.0
OGUSDT,5,-24354.904639997614,-0.045956467667671794,0.4
API3USDT,2,-24437.906260632284,-0.11181300528411975,0.5
ALGOUSDT,22,-24518.826287723154,-0.044832632353283726,0.2727272727272727
BOMEUSDT,7,-25442.14433461791,-0.036303077809803984,0.5714285714285714
STOUSDT,1,-26518.32213681261,-0.5880464620808962,0.0
LINAUSDT,4,-27075.61743563749,-0.09477602901446434,0.0
DYDXUSDT,21,-27256.9368277139,-0.0023338582992787006,0.42857142857142855
SLPUSDT,5,-29363.1809634453,-0.04649216267925984,0.2
WAVESUSDT,26,-30015.62589459853,0.030571217566609903,0.4230769230769231
SRMUSDT,5,-30223.648094570428,-0.0644749729358401,0.4
ORDIUSDT,7,-30521.574826451826,-0.0451029099705755,0.2857142857142857
STORJUSDT,4,-30862.07841552667,-0.059439561757192956,0.5
ROSEUSDT,11,-31000.785294544403,-0.005282911773704075,0.2727272727272727
BTCUSDT,80,-31890.83726895349,0.008136736392395878,0.5375
WCTUSDT,2,-33189.3718842077,-0.1938375098888471,0.5
SUSDT,3,-33993.295896302414,-0.1457989583116683,0.0
DUSKUSDT,4,-34712.1071962463,-0.03259756250812117,0.5
OMGUSDT,10,-35084.840753651384,-0.0643044069498939,0.2
DARUSDT,6,-35686.11324677686,-0.08726286895368983,0.3333333333333333
FTTUSDT,8,-38116.2039691533,-0.03825673557297151,0.5
BSWUSDT,2,-38979.68092657601,-0.20248798075419105,0.0
ENAUSDT,15,-40867.003754621925,-0.02255106459207961,0.26666666666666666
PENDLEUSDT,12,-43931.76759369899,-0.0434462429221664,0.16666666666666666
ALPINEUSDT,1,-44865.07185212516,-0.7522854312319611,0.0
IOSTUSDT,12,-45890.95752830258,-0.09028827456393936,0.3333333333333333
YFIUSDT,8,-48395.18686820176,-0.10657945031637123,0.375
BONDUSDT,2,-49118.512200220124,-0.41773053583123865,0.0
USUALUSDT,3,-49557.332423898435,-0.15987259425463704,0.3333333333333333
OMUSDT,8,-49924.96992825874,-0.08314495598129973,0.5
APTUSDT,15,-50415.65545590766,-0.05338901552952952,0.3333333333333333
BANANAS31USDT,2,-50526.364088592665,-0.3901439416728557,0.0
LTCUSDT,62,-50679.010884132775,0.0025974395532503583,0.5
YGGUSDT,5,-51019.20971512969,-0.10650336635185369,0.2
LEVERUSDT,3,-52618.491473911316,-0.28351038627922415,0.0
EGLDUSDT,13,-56915.42247953922,0.023926752505730578,0.46153846153846156
JASMYUSDT,12,-59555.91391556725,-0.07914265288108706,0.25
ENSUSDT,18,-65565.61304767702,-0.014292500239988062,0.4444444444444444
LINKUSDT,70,-74034.52131790842,0.0005119463741581305,0.4714285714285714
GXSUSDT,2,-75933.7101574995,-0.26006902879253535,0.0
HIFIUSDT,2,-80418.3184259858,-0.558467449022179,0.0
GMTUSDT,10,-81163.81346781147,-0.12353414217671796,0.2
NEARUSDT,42,-92283.26126494049,-0.03225559939513675,0.35714285714285715
