start,end,initial_equity,final_equity,total_return,cagr,annualized_volatility,sharpe_zero_cash,max_drawdown,max_drawdown_days,daily_es_90,daily_es_95,daily_es_99,trades,hit_rate,mean_trade_return,median_trade_return,trade_es_95,profit_factor,total_fees,average_invested_fraction,average_reserved_fraction,orders,fills,fill_rate,forced_exits,delayed_exit_days,mode,execution,funding_charged,holding_days,window
2020-01-01,2026-06-30,100000.0,162206.34964716368,0.6220634964716367,0.07732585745862197,0.2635398441929091,0.418179564901255,-0.6430540694651998,898,-0.02282169222695831,-0.03487074164853438,-0.07379394785141141,4451,0.5194338350932375,0.001757229505924255,0.0013347950289621037,-0.19019671356895976,1.0265634483200872,208260.67295515543,0.16507198378160026,0.6744600052108564,9279,4451,0.4796853109171247,2,0,full,daily,False,1,full
2024-01-01,2026-06-30,100000.0,63474.47837526484,-0.3652552162473516,-0.16659620599813973,0.2753851116092923,-0.5224063409093147,-0.6430540694651978,494,-0.027172592993895628,-0.038939694879142395,-0.07227768258047537,1807,0.4991698948533481,-0.001581761608572577,-7.084690265142135e-05,-0.2445971408944616,0.9298057064454186,40443.75892287466,0.17202410562411224,0.7403477860441612,3873,1807,0.46656338755486704,0,0,full,daily,False,1,clean-oos
2020-01-01,2026-06-30,100000.0,400331.2850305881,3.003312850305881,0.23812062084010543,0.34965956302136025,0.7893234443396185,-0.6696655808020451,777,-0.032928256583657195,-0.04842975967774939,-0.09261977492609004,4451,0.5176364861828803,0.005048645506543956,0.0024750292059017623,-0.23033331340489344,1.0434743874239483,432971.3567474085,0.16531114768888858,0.6739492985265934,9279,4451,0.4796853109171247,2,0,full,hourly,False,1,full
2024-01-01,2026-06-30,100000.0,79490.14379724575,-0.2050985620275425,-0.08792132597092317,0.3626754964852835,-0.07184644262895237,-0.6696655808020464,398,-0.036317947727868435,-0.04950790591581816,-0.07923868424549038,1807,0.4975096845600443,0.0018373128735893252,-0.00030998085941572783,-0.2982474882445181,0.9776801608717074,51595.537868193176,0.17229795948636495,0.7398480284182075,3873,1807,0.46656338755486704,0,0,full,hourly,False,1,clean-oos
2020-01-01,2026-06-30,100000.0,599052.3035116935,4.990523035116935,0.3173983500232824,0.35040210133213356,0.9653457130297036,-0.5447686645879305,776,-0.03253292938502543,-0.04806730033439236,-0.09266365368916456,4451,0.5185351606380588,0.005985858409274554,0.0023237599424122783,-0.225515502070149,1.068292894775027,451884.9166848145,0.16528615660481016,0.6739419498220458,9279,4451,0.4796853109171247,2,0,full,hourly,True,1,full
2024-01-01,2026-06-30,100000.0,115729.62191822831,0.1572962191822831,0.060320138687488534,0.364069634451575,0.34250511762625374,-0.5447686645879299,245,-0.03556771058144388,-0.048758457930579875,-0.07894378642454877,1807,0.4991698948533481,0.004032655652397051,-0.00010474681638922256,-0.2892132324115729,1.0158704556279483,55026.78141560235,0.17223977104144234,0.7398233329438413,3873,1807,0.46656338755486704,0,0,full,hourly,True,1,clean-oos
2020-01-01,2026-06-30,100000.0,532274.3656789592,4.322743656789592,0.29363942299593715,0.4661177567663063,0.7897178241189481,-0.7894775775960202,918,-0.042897576997118804,-0.059494899267346385,-0.11087202599443176,3562,0.48483997754070746,0.006715789754243685,-0.003631347708416446,-0.31326772754504617,1.03029020347085,631569.88155122,0.36662318341069006,0.49068482911784156,7355,3562,0.48429639700883753,2,0,full,daily,False,3,full
2024-01-01,2026-06-30,100000.0,46003.79333437853,-0.5399620666562146,-0.2675080937232116,0.4542478358247373,-0.45644782490590485,-0.7894775775960177,754,-0.0450983446183832,-0.058527151809742696,-0.08894381377417959,1440,0.4513888888888889,-0.0049323296051579915,-0.009148046348485778,-0.40476978489743526,0.9261561227894733,29513.357628437698,0.3790122599822637,0.5492459278137538,3102,1440,0.46421663442940037,0,0,full,daily,False,3,clean-oos
2020-01-01,2026-06-30,100000.0,785339.9542561908,6.853399542561908,0.37348697615010606,0.5260485674903426,0.8694212209314539,-0.7781943529694356,1678,-0.04730048131648023,-0.06463196757628423,-0.12077503280974396,3562,0.4781021897810219,0.00887194776590731,-0.004684817512160712,-0.3233582241438625,1.0456885902431827,598377.7726575304,0.36693850109685927,0.49047518488454145,7355,3562,0.48429639700883753,2,0,full,hourly,False,3,full
2024-01-01,2026-06-30,100000.0,86163.72728657862,-0.13836272713421383,-0.05795977804344121,0.5189412184763009,0.14077547616081046,-0.674477900420195,401,-0.047642453050406014,-0.05967085051136268,-0.08663741774030478,1440,0.44930555555555557,0.0007758836167871727,-0.00931196915734132,-0.41588938644887247,0.985728923592847,35901.013553796365,0.37908993185422374,0.5490993391864533,3102,1440,0.46421663442940037,0,0,full,hourly,False,3,clean-oos
2020-01-01,2026-06-30,100000.0,1582062.4948539683,14.820624948539683,0.5298936003638726,0.5313752657356019,1.0681157714980838,-0.7718002318967433,1273,-0.046965329837459574,-0.06434148083543814,-0.12068939664130429,3562,0.47866367209432903,0.01106141407634392,-0.0042598949925566655,-0.3106370399072446,1.095590048666845,606804.9593440716,0.36679982186972915,0.49050721240630474,7355,3562,0.48429639700883753,2,0,full,hourly,True,3,full
2024-01-01,2026-06-30,100000.0,175177.28657852812,0.7517728657852811,0.25204025601733004,0.5326216782706678,0.6818162839798081,-0.4753331626380056,230,-0.046876919626357504,-0.059112274645815796,-0.08617797307282517,1440,0.4548611111111111,0.006473315515799147,-0.008845002238540732,-0.3905275894498896,1.0668802454229018,40644.831201623805,0.37874379880112796,0.5491981000478859,3102,1440,0.46421663442940037,0,0,full,hourly,True,3,clean-oos
2020-01-01,2026-06-30,100000.0,999954.7141516602,8.999547141516603,0.425545065814519,0.5709670089259054,0.9091847531361016,-0.7188441626960798,838,-0.05313358877781499,-0.07163532305506747,-0.1270434104836022,3066,0.47390737116764514,0.015352068949443114,-0.006810559838781389,-0.37604755992262284,1.0446426451145654,649516.4599311429,0.4891096494294465,0.38157319458044686,6235,3066,0.4917401764234162,0,0,full,daily,False,5,full
2024-01-01,2026-06-30,100000.0,47705.23474064146,-0.5229476525935854,-0.2567643994453813,0.5591250214406844,-0.2502868007525776,-0.718844162656598,838,-0.05402631274176585,-0.06941713121140544,-0.10587300628343158,1256,0.43312101910828027,0.0024210518005572594,-0.018278930854805274,-0.4803573697015397,0.9056781750303939,15592.753226381075,0.5151633016034287,0.4213662550267802,2645,1256,0.47485822306238185,0,0,full,daily,False,5,clean-oos
2020-01-01,2026-06-30,100000.0,1066640.890191784,9.666408901917839,0.43978729887136425,0.6037510917757479,0.9083224817010427,-0.738157390957573,838,-0.056147563413741566,-0.07541315066183653,-0.132424088998954,3066,0.4774951076320939,0.015233444849920001,-0.007026260823066885,-0.3869337330269956,1.0398448846423187,749146.6454778949,0.48935548503751924,0.38140131468675026,6235,3066,0.4917401764234162,0,0,full,hourly,False,5,full
2024-01-01,2026-06-30,100000.0,43965.50950407128,-0.5603449049592872,-0.2806970303718963,0.5912729709767869,-0.26095652916024736,-0.738157390945632,838,-0.05702784838413442,-0.07241795960728478,-0.10725487151794637,1256,0.42754777070063693,-0.0009647997457624952,-0.020657635131487283,-0.4886714283428113,0.9000928564290349,15426.266579323621,0.515413399805278,0.4210846019405608,2645,1256,0.47485822306238185,0,0,full,hourly,False,5,clean-oos
2020-01-01,2026-06-30,100000.0,2601880.741275784,25.01880741275784,0.6517015802348016,0.6096169255148303,1.1297811457555216,-0.6933096405505513,826,-0.05574617470661498,-0.07482645751972312,-0.1316788864903268,3066,0.4755381604696673,0.019290056656587725,-0.0065169109416432554,-0.37279196707215173,1.1002382849265189,747911.2983535121,0.4891624067407464,0.3816662452346994,6235,3066,0.4917401764234162,0,0,full,hourly,True,5,full
2024-01-01,2026-06-30,100000.0,109777.81186888336,0.09777811868883357,0.038110609947354934,0.6065615450128571,0.3618883497443748,-0.6933096405352737,717,-0.05601896821387475,-0.07105534613095482,-0.1053831563138786,1256,0.4339171974522293,0.009746929123941055,-0.019424577542861293,-0.4598903799168686,1.0144521658595418,17984.35989938686,0.5150136258998703,0.42161320797144863,2645,1256,0.47485822306238185,0,0,full,hourly,True,5,clean-oos
2020-01-01,2026-06-30,100000.0,244830.65817076943,1.448306581707694,0.14783404928716593,0.6912482894460648,0.5504950123121393,-0.8985572207960775,1678,-0.0635627457584588,-0.0821674504570471,-0.1412656225383013,2363,0.46170122725349133,0.01376774906041029,-0.01377491858048883,-0.5012842033329801,1.0130724691619615,245298.63739267056,0.6392065777899094,0.2563117033527616,4877,2363,0.4845191716218987,3,0,full,daily,False,10,full
2024-01-01,2026-06-30,100000.0,32773.261090103566,-0.6722673890989643,-0.3606247464266309,0.7333455572200596,-0.23662324532914453,-0.8556136575431662,553,-0.06433862266217891,-0.08159173299511525,-0.13387567030987868,980,0.41836734693877553,-0.006099273302792531,-0.025679439478707863,-0.5942250968983233,0.9041259194850048,14575.593829310576,0.6711424105059038,0.2858868112245652,2063,980,0.4750363548230732,0,0,full,daily,False,10,clean-oos
2020-01-01,2026-06-30,100000.0,206530.78224211666,1.0653078224211665,0.11815654831840838,0.717352678977299,0.5204682470090072,-0.9301746436119905,1678,-0.0663725938447971,-0.08553125931650739,-0.14644792770920087,2363,0.4663563267033432,0.01441822674689281,-0.016306988613046698,-0.4971724877779427,1.008900658365602,257100.39675938137,0.639915770218791,0.2560585297314325,4878,2363,0.484419844198442,2,1,full,hourly,False,10,full
2024-01-01,2026-06-30,100000.0,27686.799208114193,-0.7231320079188581,-0.4024300936515808,0.7537949404113011,-0.29947416198567844,-0.877465151859654,553,-0.06674136804278445,-0.08379180172161761,-0.13557261490231895,980,0.42551020408163265,-0.008305912743105456,-0.0323935622512249,-0.6003303168199718,0.8947931689406005,13847.519817323955,0.6716146624655491,0.2854961784179228,2063,980,0.4750363548230732,0,0,full,hourly,False,10,clean-oos
2020-01-01,2026-06-30,100000.0,652166.4169397699,5.521664169397699,0.33474453758793343,0.7231012080687221,0.765806789235602,-0.8293034348675522,1678,-0.06588904031921472,-0.08496177720148994,-0.1453428545801814,2363,0.46466356326703345,0.02137242375448677,-0.016153458012380374,-0.4769350613380119,1.0505092499565978,231294.8535300159,0.6394591762354178,0.25648500928568546,4878,2363,0.484419844198442,2,1,full,hourly,True,10,full
2024-01-01,2026-06-30,100000.0,93229.85213848641,-0.06770147861513587,-0.027714986443068357,0.7700648478603375,0.35117857467765456,-0.635328473579811,553,-0.06556145414979735,-0.08265688365380586,-0.1341483772799077,980,0.42959183673469387,0.010857353312138463,-0.029727485739234512,-0.5647150297302489,0.991634686810782,15799.79140609835,0.6704313347090399,0.2866336221404215,2063,980,0.4750363548230732,0,0,full,hourly,True,10,clean-oos
