start,end,initial_equity,final_equity,total_return,cagr,annualized_volatility,sharpe_zero_cash,max_drawdown,max_drawdown_days,daily_es_90,daily_es_95,daily_es_99,trades,hit_rate,mean_trade_return,median_trade_return,trade_es_95,profit_factor,total_fees,average_invested_fraction,average_reserved_fraction,orders,fills,fill_rate,forced_exits,delayed_exit_days,correction_sigma,holding_days
2020-01-01,2026-06-30,100000.0,327188.8758789889,2.271888758789889,0.2002472687403387,0.3339407226060825,0.7174931295323723,-0.47781154093253286,1626,-0.03048644438662379,-0.04373315791407079,-0.08031651981469524,7799,0.4831388639569176,0.0026756419365464956,-0.0012401698987444564,-0.1477948286127343,1.0420636980432791,515699.2926662186,0.2804821688799052,0.6028949441988506,10713,7799,0.7279940259497807,0,0,0.5,1
2020-01-01,2026-06-30,100000.0,185977.17486546576,0.8597717486546577,0.10025276514682058,0.5401268634245558,0.45090714699371115,-0.9089091233093982,1678,-0.052104248242222415,-0.06895528356048156,-0.11839395853940672,5373,0.45951982132886654,0.004966179935069042,-0.0069978116811652506,-0.24543195136478552,1.0074084193066282,524496.6743520331,0.5188386291445418,0.38004268821254034,7467,5373,0.7195660907995178,0,0,0.5,3
2020-01-01,2026-06-30,100000.0,137238.0865189484,0.372380865189484,0.0499506684061628,0.6674626275461161,0.4148327688069822,-0.9555679360289907,1679,-0.063575206361361,-0.08469633352924788,-0.14906189444045848,4307,0.4655212444857209,0.007410810146968065,-0.007634088049310454,-0.3263181901744987,1.003158727422906,374038.8435148123,0.6332284959095902,0.2762896956288665,5904,4307,0.7295054200542005,1,0,0.5,5
2020-01-01,2026-06-30,100000.0,314225.9989007171,2.1422599890071714,0.1927991469452799,0.7660885270268729,0.6207963468797805,-0.9436642072287358,1679,-0.07078280961273932,-0.0921398532805356,-0.15833114246700714,3057,0.44095518482172064,0.015681472365148236,-0.019120222820279587,-0.42640937188198086,1.011789527637905,391230.2157299266,0.7689635852355795,0.16260473932218023,4179,3057,0.7315147164393395,4,0,0.5,10
2020-01-01,2026-06-30,100000.0,366619.44327791425,2.6661944327791427,0.2214625249341693,0.24551536327740642,0.9393813531465215,-0.35024303405836055,707,-0.020384930327745788,-0.03106308602037587,-0.0659283347969219,4613,0.5124647734662909,0.004023801565502607,0.000991246543295692,-0.14305759223118963,1.101302926489996,275822.7075849146,0.17022872676968154,0.7118001814168105,9781,4613,0.4716286678253757,0,0,1.0,1
2020-01-01,2026-06-30,100000.0,632231.1912931085,5.322311912931085,0.3283791830001701,0.4598728012329945,0.8519211279155664,-0.7363486904371286,1626,-0.041770375157171115,-0.058878610531515975,-0.1125153267845796,3709,0.4874629280129415,0.009036312928643367,-0.002533503080286024,-0.25156592934379546,1.0416209823972942,627349.9461675495,0.37726804843412703,0.5191225017253093,7812,3709,0.4747823860727087,0,0,1.0,3
2020-01-01,2026-06-30,100000.0,431972.35520233406,3.3197235520233406,0.25270853621984846,0.5700391554204691,0.68782662213421,-0.7860777401562228,1678,-0.05338061881713762,-0.07232085279940702,-0.13930448941046772,3177,0.4796978281397545,0.014053435110797546,-0.004132661895489764,-0.32958525487458307,1.0348538613696219,328395.5533167049,0.49750061805937723,0.4069894366709422,6665,3177,0.47666916729182296,1,0,1.0,5
2020-01-01,2026-06-30,100000.0,201044.7452901515,1.010447452901515,0.1135307667423433,0.7031148705632765,0.5203028852696202,-0.9064819871605216,1679,-0.06357047959595563,-0.08428270997163924,-0.1579253568935157,2453,0.4618834080717489,0.018225959164781477,-0.01345948336579468,-0.4449305600240654,1.0118971860627597,190152.6886433168,0.654837655122747,0.2740702362042539,5222,2453,0.46974339333588666,4,0,1.0,10
2020-01-01,2026-06-30,100000.0,774509.4652531934,6.745094652531934,0.3705531241801461,0.2114690967794486,1.5961375552624373,-0.3203773939070358,654,-0.012858452561807676,-0.021265174994018858,-0.05298919790949739,2809,0.5418298326806693,0.009064837259121153,0.0030948340242165097,-0.14281011139294317,1.3080443625940328,246478.48409039166,0.10535598951586077,0.7731060493243961,9461,2809,0.29690307578480074,0,0,1.5,1
2020-01-01,2026-06-30,100000.0,1782258.3748947575,16.822583748947576,0.558222393682875,0.38924613616265663,1.3372767423655336,-0.5231673929053751,776,-0.03213091816430771,-0.047451500022699246,-0.09427380536614176,2437,0.5260566270004103,0.01800601991713202,0.0055927940724665925,-0.24526823850429236,1.1494507666365577,593336.2364997093,0.260246593723019,0.6283931155502603,8196,2437,0.2973401659346022,0,0,1.5,3
2020-01-01,2026-06-30,100000.0,697318.7691360776,5.973187691360776,0.3485744170226177,0.5000895887271773,0.8596649126667222,-0.6070418584521338,830,-0.04384756127864551,-0.06276286211395517,-0.12198406131050399,2167,0.5103830179972312,0.02026460256819553,0.003504712871725747,-0.34243833647688265,1.0922887152670107,239228.00072903943,0.36564167068149095,0.5342354530744814,7424,2167,0.2918911637931034,1,0,1.5,5
2020-01-01,2026-06-30,100000.0,276545.6528317231,1.7654565283172308,0.16956675657075393,0.6033348616925883,0.5712707629215509,-0.8169976956748661,1675,-0.05495029600297559,-0.0731462359845146,-0.13458888006493683,1825,0.4767123287671233,0.023032045643526077,-0.009811334326238357,-0.4352052449637189,1.0275675103311603,147868.8943270285,0.5233527969507099,0.39465529259129256,6211,1825,0.293833521172114,3,0,1.5,10
2020-01-01,2026-06-30,100000.0,556907.0931947592,4.569070931947592,0.30268255052935245,0.1751644581553151,1.5951082613297383,-0.16993052923700502,677,-0.008059465226296348,-0.014254166014284801,-0.039938835747761,1660,0.5698795180722892,0.012462957782903215,0.005932466737420806,-0.14997754727374948,1.458416786227971,113173.42642496628,0.06390217539163498,0.8133629334007302,9342,1660,0.1776921430100621,0,0,2.0,1
2020-01-01,2026-06-30,100000.0,1699252.3460294919,15.992523460294919,0.5468208030261883,0.3546226630175021,1.4049353930876922,-0.2771631319869855,281,-0.025153278470526504,-0.03848362722324231,-0.08211774167641024,1533,0.5492498369210698,0.024746970334762006,0.010081022604548389,-0.25056371123993265,1.3290617720900944,270615.99090144644,0.17009784822233157,0.717494423147278,8605,1533,0.17815223707147007,0,0,2.0,3
2020-01-01,2026-06-30,100000.0,487140.1607520219,3.8714016075202187,0.27610875906539434,0.4348137648995568,0.7887561244874755,-0.4993259950335791,780,-0.0350110532599453,-0.051642342133796974,-0.10850035798076195,1421,0.5263898662913441,0.021027053486885553,0.008174743987995312,-0.3485443032835717,1.187444335981829,79669.08664990496,0.2526419231243425,0.6426541656862709,8119,1421,0.17502155437861805,0,0,2.0,5
2020-01-01,2026-06-30,100000.0,235276.28368817703,1.3527628368817703,0.14081988516575294,0.5210981313094925,0.5233498508780188,-0.7726416200643224,1692,-0.04626965563618737,-0.06360823664613507,-0.1254487488129414,1270,0.4826771653543307,0.021605700876025584,-0.006155072087442233,-0.4149476211535315,1.0446861839165125,73737.6658206678,0.39845130845728066,0.5165404879057269,7233,1270,0.17558412830084336,0,0,2.0,10
